{"uprior": 2.8529078037502935, "iprior": 0.40329166158958646, "RMSE": 0.8124905147606118}