{"n_features": 106, "uprior": 0.0027702133882118525, "iprior": 8.282950079150557e-05, "ureg": 0.6259603724574081, "ireg": 0.0035330456198728764, "epochs": 17, "RMSE": 0.6917745895398555}