{"n_features": 35, "reg": 0.08072931914086408, "lr": 0.00365818359045954, "epochs": 18, "RMSE": 0.7087068185459765}